"Indexcd","Idxtrd01","Idxtrd02"
"000001","2015-01-05","3258.627"
"000001","2015-01-06","3330.799"
"000001","2015-01-07","3326.649"
"000001","2015-01-08","3371.957"
"000001","2015-01-09","3276.965"
"000001","2015-01-12","3258.213"
"000001","2015-01-13","3223.542"
"000001","2015-01-14","3242.337"
"000001","2015-01-15","3224.070"
"000001","2015-01-16","3343.603"
"000001","2015-01-19","3189.727"
"000001","2015-01-20","3114.560"
"000001","2015-01-21","3189.085"
"000001","2015-01-22","3327.319"
"000001","2015-01-23","3357.096"
"000001","2015-01-26","3347.257"
"000001","2015-01-27","3389.853"
"000001","2015-01-28","3325.722"
"000001","2015-01-29","3258.997"
"000001","2015-01-30","3273.747"
"000001","2015-02-02","3148.136"
"000001","2015-02-03","3156.086"
"000001","2015-02-04","3212.822"
"000001","2015-02-05","3251.212"
"000001","2015-02-06","3120.090"
"000001","2015-02-09","3063.510"
"000001","2015-02-10","3090.490"
"000001","2015-02-11","3145.765"
"000001","2015-02-12","3157.959"
"000001","2015-02-13","3186.808"
"000001","2015-02-16","3206.137"
"000001","2015-02-17","3230.884"
"000001","2015-02-25","3256.479"
"000001","2015-02-26","3222.151"
"000001","2015-02-27","3296.831"
"000001","2015-03-02","3332.721"
"000001","2015-03-03","3317.695"
"000001","2015-03-04","3264.182"
"000001","2015-03-05","3264.085"
"000001","2015-03-06","3248.036"
"000001","2015-03-09","3224.314"
"000001","2015-03-10","3289.085"
"000001","2015-03-11","3289.594"
"000001","2015-03-12","3314.813"
"000001","2015-03-13","3359.488"
"000001","2015-03-16","3391.158"
"000001","2015-03-17","3469.603"
"000001","2015-03-18","3510.501"
"000001","2015-03-19","3576.019"
"000001","2015-03-20","3587.084"
"000001","2015-03-23","3640.104"
"000001","2015-03-24","3692.569"
"000001","2015-03-25","3680.953"
"000001","2015-03-26","3641.942"
"000001","2015-03-27","3686.134"
"000001","2015-03-30","3710.612"
"000001","2015-03-31","3822.987"
"000001","2015-04-01","3748.340"
"000001","2015-04-02","3827.689"
"000001","2015-04-03","3803.383"
"000001","2015-04-07","3899.420"
"000001","2015-04-08","3976.532"
"000001","2015-04-09","4006.130"
"000001","2015-04-10","3947.492"
"000001","2015-04-13","4072.723"
"000001","2015-04-14","4125.782"
"000001","2015-04-15","4135.648"
"000001","2015-04-16","4055.916"
"000001","2015-04-17","4254.723"
"000001","2015-04-20","4301.352"
"000001","2015-04-21","4212.185"
"000001","2015-04-22","4304.597"
"000001","2015-04-23","4414.485"
"000001","2015-04-24","4355.951"
"000001","2015-04-27","4441.929"
"000001","2015-04-28","4527.635"
"000001","2015-04-29","4446.119"
"000001","2015-04-30","4483.013"
"000001","2015-05-04","4441.343"
"000001","2015-05-05","4479.848"
"000001","2015-05-06","4311.641"
"000001","2015-05-07","4197.896"
"000001","2015-05-08","4152.984"
"000001","2015-05-11","4231.271"
"000001","2015-05-12","4342.370"
"000001","2015-05-13","4402.378"
"000001","2015-05-14","4372.816"
"000001","2015-05-15","4366.822"
"000001","2015-05-18","4277.895"
"000001","2015-05-19","4285.777"
"000001","2015-05-20","4434.979"
"000001","2015-05-21","4456.435"
"000001","2015-05-22","4584.984"
"000001","2015-05-25","4660.075"
"000001","2015-05-26","4854.850"
"000001","2015-05-27","4932.846"
"000001","2015-05-28","4943.742"
"000001","2015-05-29","4603.465"
"000001","2015-06-01","4633.098"
"000001","2015-06-02","4844.704"
"000001","2015-06-03","4924.381"
"000001","2015-06-04","4912.945"
"000001","2015-06-05","5016.088"
"000001","2015-06-08","5045.694"
"000001","2015-06-09","5145.978"
"000001","2015-06-10","5049.197"
"000001","2015-06-11","5101.440"
"000001","2015-06-12","5143.343"
"000001","2015-06-15","5174.418"
"000001","2015-06-16","5004.412"
"000001","2015-06-17","4890.551"
"000001","2015-06-18","4942.520"
"000001","2015-06-19","4689.929"
"000001","2015-06-23","4471.613"
"000001","2015-06-24","4604.579"
"000001","2015-06-25","4711.763"
"000001","2015-06-26","4399.933"
"000001","2015-06-29","4289.771"
"000001","2015-06-30","4006.754"
"000001","2015-07-01","4214.150"
"000001","2015-07-02","4058.624"
"000001","2015-07-03","3793.712"
"000001","2015-07-06","3975.214"
"000001","2015-07-07","3654.778"
"000001","2015-07-08","3467.399"
"000001","2015-07-09","3432.454"
"000001","2015-07-10","3707.458"
"000001","2015-07-13","3918.990"
"000001","2015-07-14","3958.373"
"000001","2015-07-15","3874.968"
"000001","2015-07-16","3758.505"
"000001","2015-07-17","3831.421"
"000001","2015-07-20","3948.421"
"000001","2015-07-21","3939.898"
"000001","2015-07-22","3996.427"
"000001","2015-07-23","4022.268"
"000001","2015-07-24","4124.755"
"000001","2015-07-27","3985.570"
"000001","2015-07-28","3573.143"
"000001","2015-07-29","3689.825"
"000001","2015-07-30","3773.788"
"000001","2015-07-31","3655.667"
"000001","2015-08-03","3614.990"
"000001","2015-08-04","3621.855"
"000001","2015-08-05","3745.646"
"000001","2015-08-06","3625.504"
"000001","2015-08-07","3692.614"
"000001","2015-08-10","3786.033"
"000001","2015-08-11","3928.808"
"000001","2015-08-12","3881.228"
"000001","2015-08-13","3869.911"
"000001","2015-08-14","3976.405"
"000001","2015-08-17","3947.844"
"000001","2015-08-18","3999.134"
"000001","2015-08-19","3646.803"
"000001","2015-08-20","3754.567"
"000001","2015-08-21","3609.959"
"000001","2015-08-24","3373.478"
"000001","2015-08-25","3004.126"
"000001","2015-08-26","2980.794"
"000001","2015-08-27","2978.030"
"000001","2015-08-28","3125.264"
"000001","2015-08-31","3203.559"
"000001","2015-09-01","3157.832"
"000001","2015-09-02","3027.678"
"000001","2015-09-07","3149.380"
"000001","2015-09-08","3054.444"
"000001","2015-09-09","3182.552"
"000001","2015-09-10","3190.553"
"000001","2015-09-11","3189.479"
"000001","2015-09-14","3221.165"
"000001","2015-09-15","3043.805"
"000001","2015-09-16","2998.036"
"000001","2015-09-17","3131.982"
"000001","2015-09-18","3100.280"
"000001","2015-09-21","3072.094"
"000001","2015-09-22","3161.318"
"000001","2015-09-23","3137.723"
"000001","2015-09-24","3126.491"
"000001","2015-09-25","3130.851"
"000001","2015-09-28","3085.567"
"000001","2015-09-29","3055.218"
"000001","2015-09-30","3052.841"
"000001","2015-10-08","3156.075"
"000001","2015-10-09","3146.644"
"000001","2015-10-12","3193.540"
"000001","2015-10-13","3262.156"
"000001","2015-10-14","3280.020"
"000001","2015-10-15","3255.032"
"000001","2015-10-16","3358.297"
"000001","2015-10-19","3401.627"
"000001","2015-10-20","3377.547"
"000001","2015-10-21","3428.561"
"000001","2015-10-22","3292.291"
"000001","2015-10-23","3377.548"
"000001","2015-10-26","3448.649"
"000001","2015-10-27","3409.137"
"000001","2015-10-28","3417.011"
"000001","2015-10-29","3387.774"
"000001","2015-10-30","3380.284"
"000001","2015-11-02","3337.578"
"000001","2015-11-03","3330.316"
"000001","2015-11-04","3325.619"
"000001","2015-11-05","3459.215"
"000001","2015-11-06","3514.436"
"000001","2015-11-09","3588.498"
"000001","2015-11-10","3617.396"
"000001","2015-11-11","3635.004"
"000001","2015-11-12","3656.817"
"000001","2015-11-13","3600.764"
"000001","2015-11-16","3522.461"
"000001","2015-11-17","3629.977"
"000001","2015-11-18","3605.061"
"000001","2015-11-19","3573.776"
"000001","2015-11-20","3620.791"
"000001","2015-11-23","3630.867"
"000001","2015-11-24","3602.887"
"000001","2015-11-25","3614.068"
"000001","2015-11-26","3659.574"
"000001","2015-11-27","3616.544"
"000001","2015-11-30","3433.855"
"000001","2015-12-01","3442.441"
"000001","2015-12-02","3450.278"
"000001","2015-12-03","3525.727"
"000001","2015-12-04","3558.149"
"000001","2015-12-07","3529.806"
"000001","2015-12-08","3518.648"
"000001","2015-12-09","3462.583"
"000001","2015-12-10","3469.806"
"000001","2015-12-11","3441.597"
"000001","2015-12-14","3403.507"
"000001","2015-12-15","3518.126"
"000001","2015-12-16","3522.091"
"000001","2015-12-17","3533.628"
"000001","2015-12-18","3574.940"
"000001","2015-12-21","3568.581"
"000001","2015-12-22","3645.990"
"000001","2015-12-23","3653.282"
"000001","2015-12-24","3631.313"
"000001","2015-12-25","3614.054"
"000001","2015-12-28","3635.769"
"000001","2015-12-29","3528.395"
"000001","2015-12-30","3566.731"
"000001","2015-12-31","3570.467"
"000001","2016-01-04","3536.589"
"000001","2016-01-05","3196.651"
"000001","2016-01-06","3291.195"
"000001","2016-01-07","3309.657"
"000001","2016-01-08","3194.625"
"000001","2016-01-11","3131.853"
"000001","2016-01-12","3026.159"
"000001","2016-01-13","3041.107"
"000001","2016-01-14","2874.049"
"000001","2016-01-15","2988.048"
"000001","2016-01-18","2847.539"
"000001","2016-01-19","2914.408"
"000001","2016-01-20","2993.014"
"000001","2016-01-21","2934.391"
"000001","2016-01-22","2911.112"
"000001","2016-01-25","2934.078"
"000001","2016-01-26","2907.718"
"000001","2016-01-27","2756.082"
"000001","2016-01-28","2711.158"
"000001","2016-01-29","2652.854"
"000001","2016-02-01","2730.984"
"000001","2016-02-02","2687.982"
"000001","2016-02-03","2719.574"
"000001","2016-02-04","2751.432"
"000001","2016-02-05","2783.076"
"000001","2016-02-15","2684.961"
"000001","2016-02-16","2758.579"
"000001","2016-02-17","2829.764"
"000001","2016-02-18","2881.777"
"000001","2016-02-19","2854.904"
"000001","2016-02-22","2888.598"
"000001","2016-02-23","2925.708"
"000001","2016-02-24","2889.885"
"000001","2016-02-25","2922.237"
"000001","2016-02-26","2760.058"
"000001","2016-02-29","2754.814"
"000001","2016-03-01","2688.380"
"000001","2016-03-02","2733.767"
"000001","2016-03-03","2847.331"
"000001","2016-03-04","2848.538"
"000001","2016-03-07","2886.640"
"000001","2016-03-08","2895.666"
"000001","2016-03-09","2839.411"
"000001","2016-03-10","2847.567"
"000001","2016-03-11","2781.600"
"000001","2016-03-14","2830.084"
"000001","2016-03-15","2853.978"
"000001","2016-03-16","2858.709"
"000001","2016-03-17","2875.411"
"000001","2016-03-18","2915.518"
"000001","2016-03-21","2978.455"
"000001","2016-03-22","3001.630"
"000001","2016-03-23","2991.169"
"000001","2016-03-24","2986.801"
"000001","2016-03-25","2956.200"
"000001","2016-03-28","2988.010"
"000001","2016-03-29","2956.705"
"000001","2016-03-30","2941.218"
"000001","2016-03-31","3009.367"
"000001","2016-04-01","2997.088"
"000001","2016-04-05","3000.938"
"000001","2016-04-06","3039.745"
"000001","2016-04-07","3058.339"
"000001","2016-04-08","2988.200"
"000001","2016-04-11","3006.909"
"000001","2016-04-12","3031.301"
"000001","2016-04-13","3041.358"
"000001","2016-04-14","3080.090"
"000001","2016-04-15","3085.026"
"000001","2016-04-18","3058.463"
"000001","2016-04-19","3047.133"
"000001","2016-04-20","3050.381"
"000001","2016-04-21","2954.370"
"000001","2016-04-22","2933.035"
"000001","2016-04-25","2949.973"
"000001","2016-04-26","2944.716"
"000001","2016-04-27","2967.190"
"000001","2016-04-28","2955.742"
"000001","2016-04-29","2935.376"
"000001","2016-05-03","2940.392"
"000001","2016-05-04","2983.027"
"000001","2016-05-05","2987.022"
"000001","2016-05-06","2998.402"
"000001","2016-05-09","2896.162"
"000001","2016-05-10","2822.327"
"000001","2016-05-11","2843.545"
"000001","2016-05-12","2812.108"
"000001","2016-05-13","2828.462"
"000001","2016-05-16","2816.775"
"000001","2016-05-17","2850.926"
"000001","2016-05-18","2828.178"
"000001","2016-05-19","2802.315"
"000001","2016-05-20","2792.888"
"000001","2016-05-23","2826.312"
"000001","2016-05-24","2839.682"
"000001","2016-05-25","2835.029"
"000001","2016-05-26","2813.543"
"000001","2016-05-27","2817.968"
"000001","2016-05-30","2814.651"
"000001","2016-05-31","2822.593"
"000001","2016-06-01","2917.154"
"000001","2016-06-02","2911.219"
"000001","2016-06-03","2929.788"
"000001","2016-06-06","2940.994"
"000001","2016-06-07","2936.282"
"000001","2016-06-08","2932.376"
"000001","2016-06-13","2897.273"
"000001","2016-06-14","2824.229"
"000001","2016-06-15","2814.693"
"000001","2016-06-16","2878.402"
"000001","2016-06-17","2873.009"
"000001","2016-06-20","2887.636"
"000001","2016-06-21","2898.384"
"000001","2016-06-22","2872.734"
"000001","2016-06-23","2902.398"
"000001","2016-06-24","2883.759"
"000001","2016-06-27","2840.559"
"000001","2016-06-28","2885.011"
"000001","2016-06-29","2918.534"
"000001","2016-06-30","2931.481"
"000001","2016-07-01","2931.802"
"000001","2016-07-04","2924.293"
"000001","2016-07-05","2991.752"
"000001","2016-07-06","2998.521"
"000001","2016-07-07","3009.353"
"000001","2016-07-08","3000.326"
"000001","2016-07-11","2993.749"
"000001","2016-07-12","2992.520"
"000001","2016-07-13","3049.513"
"000001","2016-07-14","3054.975"
"000001","2016-07-15","3056.682"
"000001","2016-07-18","3047.637"
"000001","2016-07-19","3040.226"
"000001","2016-07-20","3034.714"
"000001","2016-07-21","3027.604"
"000001","2016-07-22","3038.118"
"000001","2016-07-25","3008.094"
"000001","2016-07-26","3014.040"
"000001","2016-07-27","3050.368"
"000001","2016-07-28","2980.501"
"000001","2016-07-29","2992.536"
"000001","2016-08-01","2971.949"
"000001","2016-08-02","2950.080"
"000001","2016-08-03","2963.215"
"000001","2016-08-04","2976.410"
"000001","2016-08-05","2978.778"
"000001","2016-08-08","2972.625"
"000001","2016-08-09","3001.306"
"000001","2016-08-10","3023.472"
"000001","2016-08-11","3013.678"
"000001","2016-08-12","3000.273"
"000001","2016-08-15","3056.484"
"000001","2016-08-16","3130.533"
"000001","2016-08-17","3106.991"
"000001","2016-08-18","3107.753"
"000001","2016-08-19","3100.391"
"000001","2016-08-22","3107.381"
"000001","2016-08-23","3081.572"
"000001","2016-08-24","3092.020"
"000001","2016-08-25","3073.444"
"000001","2016-08-26","3069.850"
"000001","2016-08-29","3068.460"
"000001","2016-08-30","3071.440"
"000001","2016-08-31","3072.916"
"000001","2016-09-01","3083.961"
"000001","2016-09-02","3057.495"
"000001","2016-09-05","3070.707"
"000001","2016-09-06","3071.055"
"000001","2016-09-07","3091.329"
"000001","2016-09-08","3089.953"
"000001","2016-09-09","3095.427"
"000001","2016-09-12","3037.507"
"000001","2016-09-13","3025.035"
"000001","2016-09-14","3008.904"
"000001","2016-09-19","3005.323"
"000001","2016-09-20","3027.172"
"000001","2016-09-21","3021.576"
"000001","2016-09-22","3038.422"
"000001","2016-09-23","3044.786"
"000001","2016-09-26","3028.243"
"000001","2016-09-27","2974.593"
"000001","2016-09-28","3000.695"
"000001","2016-09-29","2992.168"
"000001","2016-09-30","2994.251"
"000001","2016-10-10","3020.457"
"000001","2016-10-11","3051.622"
"000001","2016-10-12","3057.316"
"000001","2016-10-13","3057.972"
"000001","2016-10-14","3056.993"
"000001","2016-10-17","3064.691"
"000001","2016-10-18","3037.404"
"000001","2016-10-19","3085.749"
"000001","2016-10-20","3084.908"
"000001","2016-10-21","3081.389"
"000001","2016-10-24","3092.047"
"000001","2016-10-25","3127.968"
"000001","2016-10-26","3129.838"
"000001","2016-10-27","3112.603"
"000001","2016-10-28","3111.704"
"000001","2016-10-31","3097.188"
"000001","2016-11-01","3101.664"
"000001","2016-11-02","3115.729"
"000001","2016-11-03","3096.765"
"000001","2016-11-04","3126.349"
"000001","2016-11-07","3124.892"
"000001","2016-11-08","3140.944"
"000001","2016-11-09","3146.078"
"000001","2016-11-10","3148.544"
"000001","2016-11-11","3169.401"
"000001","2016-11-14","3187.709"
"000001","2016-11-15","3209.955"
"000001","2016-11-16","3208.497"
"000001","2016-11-17","3198.499"
"000001","2016-11-18","3207.193"
"000001","2016-11-21","3188.496"
"000001","2016-11-22","3220.983"
"000001","2016-11-23","3247.945"
"000001","2016-11-24","3237.428"
"000001","2016-11-25","3241.243"
"000001","2016-11-28","3270.047"
"000001","2016-11-29","3269.234"
"000001","2016-11-30","3272.142"
"000001","2016-12-01","3257.027"
"000001","2016-12-02","3270.121"
"000001","2016-12-05","3203.784"
"000001","2016-12-06","3202.029"
"000001","2016-12-07","3198.475"
"000001","2016-12-08","3225.550"
"000001","2016-12-09","3209.340"
"000001","2016-12-12","3233.666"
"000001","2016-12-13","3138.988"
"000001","2016-12-14","3149.377"
"000001","2016-12-15","3125.757"
"000001","2016-12-16","3111.515"
"000001","2016-12-19","3120.696"
"000001","2016-12-20","3115.898"
"000001","2016-12-21","3107.240"
"000001","2016-12-22","3132.156"
"000001","2016-12-23","3134.929"
"000001","2016-12-26","3095.579"
"000001","2016-12-27","3117.387"
"000001","2016-12-28","3113.767"
"000001","2016-12-29","3095.845"
"000001","2016-12-30","3097.345"
"000001","2017-01-03","3105.309"
"000001","2017-01-04","3133.787"
"000001","2017-01-05","3157.906"
"000001","2017-01-06","3163.776"
"000001","2017-01-09","3148.532"
"000001","2017-01-10","3167.570"
"000001","2017-01-11","3156.686"
"000001","2017-01-12","3133.602"
"000001","2017-01-13","3116.083"
"000001","2017-01-16","3104.492"
"000001","2017-01-17","3087.030"
"000001","2017-01-18","3104.766"
"000001","2017-01-19","3104.972"
"000001","2017-01-20","3095.819"
"000001","2017-01-23","3125.421"
"000001","2017-01-24","3134.592"
"000001","2017-01-25","3137.646"
"000001","2017-01-26","3149.217"
"000001","2017-02-03","3160.082"
"000001","2017-02-06","3143.093"
"000001","2017-02-07","3154.405"
"000001","2017-02-08","3148.086"
"000001","2017-02-09","3164.688"
"000001","2017-02-10","3183.007"
"000001","2017-02-13","3198.995"
"000001","2017-02-14","3216.137"
"000001","2017-02-15","3215.464"
"000001","2017-02-16","3210.357"
"000001","2017-02-17","3227.707"
"000001","2017-02-20","3198.963"
"000001","2017-02-21","3242.223"
"000001","2017-02-22","3252.690"
"000001","2017-02-23","3258.832"
"000001","2017-02-24","3246.860"
"000001","2017-02-27","3249.195"
"000001","2017-02-28","3225.969"
"000001","2017-03-01","3240.073"
"000001","2017-03-02","3250.518"
"000001","2017-03-03","3219.202"
"000001","2017-03-06","3217.335"
"000001","2017-03-07","3233.094"
"000001","2017-03-08","3240.532"
"000001","2017-03-09","3233.701"
"000001","2017-03-10","3213.729"
"000001","2017-03-13","3209.449"
"000001","2017-03-14","3235.252"
"000001","2017-03-15","3235.403"
"000001","2017-03-16","3247.163"
"000001","2017-03-17","3271.867"
"000001","2017-03-20","3241.110"
"000001","2017-03-21","3250.247"
"000001","2017-03-22","3246.223"
"000001","2017-03-23","3245.808"
"000001","2017-03-24","3247.350"
"000001","2017-03-27","3268.924"
"000001","2017-03-28","3265.634"
"000001","2017-03-29","3252.865"
"000001","2017-03-30","3235.137"
"000001","2017-03-31","3206.253"
"000001","2017-04-05","3235.660"
"000001","2017-04-06","3272.193"
"000001","2017-04-07","3280.624"
"000001","2017-04-10","3285.459"
"000001","2017-04-11","3266.222"
"000001","2017-04-12","3283.837"
"000001","2017-04-13","3265.218"
"000001","2017-04-14","3276.138"
"000001","2017-04-17","3229.949"
"000001","2017-04-18","3215.396"
"000001","2017-04-19","3184.666"
"000001","2017-04-20","3165.665"
"000001","2017-04-21","3170.290"
"000001","2017-04-24","3164.248"
"000001","2017-04-25","3123.894"
"000001","2017-04-26","3132.918"
"000001","2017-04-27","3131.350"
"000001","2017-04-28","3144.022"
"000001","2017-05-02","3147.228"
"000001","2017-05-03","3138.307"
"000001","2017-05-04","3127.106"
"000001","2017-05-05","3114.774"
"000001","2017-05-08","3090.065"
"000001","2017-05-09","3064.848"
"000001","2017-05-10","3078.173"
"000001","2017-05-11","3036.789"
"000001","2017-05-12","3054.112"
"000001","2017-05-15","3085.932"
"000001","2017-05-16","3082.872"
"000001","2017-05-17","3107.802"
"000001","2017-05-18","3082.329"
"000001","2017-05-19","3086.705"
"000001","2017-05-22","3087.171"
"000001","2017-05-23","3069.394"
"000001","2017-05-24","3047.568"
"000001","2017-05-25","3055.343"
"000001","2017-05-26","3101.286"
"000001","2017-05-31","3125.325"
"000001","2017-06-01","3108.421"
"000001","2017-06-02","3094.225"
"000001","2017-06-05","3102.110"
"000001","2017-06-06","3084.540"
"000001","2017-06-07","3101.761"
"000001","2017-06-08","3136.471"
"000001","2017-06-09","3147.453"
"000001","2017-06-12","3149.527"
"000001","2017-06-13","3134.009"
"000001","2017-06-14","3146.748"
"000001","2017-06-15","3125.587"
"000001","2017-06-16","3126.373"
"000001","2017-06-19","3122.158"
"000001","2017-06-20","3148.019"
"000001","2017-06-21","3148.986"
"000001","2017-06-22","3152.242"
"000001","2017-06-23","3138.444"
"000001","2017-06-26","3157.002"
"000001","2017-06-27","3183.420"
"000001","2017-06-28","3183.633"
"000001","2017-06-29","3174.981"
"000001","2017-06-30","3176.948"
"000001","2017-07-03","3191.998"
"000001","2017-07-04","3192.889"
"000001","2017-07-05","3179.217"
"000001","2017-07-06","3203.863"
"000001","2017-07-07","3203.823"
"000001","2017-07-10","3208.463"
"000001","2017-07-11","3201.517"
"000001","2017-07-12","3201.929"
"000001","2017-07-13","3192.362"
"000001","2017-07-14","3212.032"
"000001","2017-07-17","3219.791"
"000001","2017-07-18","3159.732"
"000001","2017-07-19","3181.402"
"000001","2017-07-20","3227.506"
"000001","2017-07-21","3236.588"
"000001","2017-07-24","3230.898"
"000001","2017-07-25","3249.138"
"000001","2017-07-26","3244.461"
"000001","2017-07-27","3243.765"
"000001","2017-07-28","3240.173"
"000001","2017-07-31","3252.752"
"000001","2017-08-01","3274.369"
"000001","2017-08-02","3288.518"
"000001","2017-08-03","3279.986"
"000001","2017-08-04","3269.318"
"000001","2017-08-07","3257.670"
"000001","2017-08-08","3277.189"
"000001","2017-08-09","3277.808"
"000001","2017-08-10","3269.735"
"000001","2017-08-11","3237.922"
"000001","2017-08-14","3206.044"
"000001","2017-08-15","3235.230"
"000001","2017-08-16","3247.853"
"000001","2017-08-17","3253.846"
"000001","2017-08-18","3253.243"
"000001","2017-08-21","3274.581"
"000001","2017-08-22","3287.615"
"000001","2017-08-23","3283.797"
"000001","2017-08-24","3287.959"
"000001","2017-08-25","3271.461"
"000001","2017-08-28","3336.126"
"000001","2017-08-29","3362.060"
"000001","2017-08-30","3361.821"
"000001","2017-08-31","3361.462"
"000001","2017-09-01","3365.991"
"000001","2017-09-04","3369.719"
"000001","2017-09-05","3377.197"
"000001","2017-09-06","3372.428"
"000001","2017-09-07","3383.628"
"000001","2017-09-08","3364.428"
"000001","2017-09-11","3365.351"
"000001","2017-09-12","3381.487"
"000001","2017-09-13","3374.719"
"000001","2017-09-14","3383.470"
"000001","2017-09-15","3365.145"
"000001","2017-09-18","3352.513"
"000001","2017-09-19","3365.532"
"000001","2017-09-20","3352.185"
"000001","2017-09-21","3364.698"
"000001","2017-09-22","3347.157"
"000001","2017-09-25","3344.589"
"000001","2017-09-26","3336.350"
"000001","2017-09-27","3340.822"
"000001","2017-09-28","3343.845"
"000001","2017-09-29","3340.311"
"000001","2017-10-09","3403.246"
"000001","2017-10-10","3373.345"
"000001","2017-10-11","3381.488"
"000001","2017-10-12","3385.533"
"000001","2017-10-13","3384.488"
"000001","2017-10-16","3393.206"
"000001","2017-10-17","3373.234"
"000001","2017-10-18","3373.528"
"000001","2017-10-19","3374.644"
"000001","2017-10-20","3363.514"
"000001","2017-10-23","3382.280"
"000001","2017-10-24","3376.599"
"000001","2017-10-25","3384.858"
"000001","2017-10-26","3397.519"
"000001","2017-10-27","3404.498"
"000001","2017-10-30","3413.868"
"000001","2017-10-31","3380.999"
"000001","2017-11-01","3393.968"
"000001","2017-11-02","3391.652"
"000001","2017-11-03","3377.736"
"000001","2017-11-06","3369.685"
"000001","2017-11-07","3389.472"
"000001","2017-11-08","3409.147"
"000001","2017-11-09","3410.672"
"000001","2017-11-10","3423.185"
"000001","2017-11-13","3435.184"
"000001","2017-11-14","3446.545"
"000001","2017-11-15","3416.211"
"000001","2017-11-16","3393.194"
"000001","2017-11-17","3392.683"
"000001","2017-11-20","3361.356"
"000001","2017-11-21","3382.360"
"000001","2017-11-22","3417.331"
"000001","2017-11-23","3425.009"
"000001","2017-11-24","3340.384"
"000001","2017-11-27","3346.657"
"000001","2017-11-28","3311.232"
"000001","2017-11-29","3335.567"
"000001","2017-11-30","3328.643"
"000001","2017-12-01","3315.105"
"000001","2017-12-04","3310.381"
"000001","2017-12-05","3301.691"
"000001","2017-12-06","3291.313"
"000001","2017-12-07","3283.279"
"000001","2017-12-08","3264.478"
"000001","2017-12-11","3290.488"
"000001","2017-12-12","3320.310"
"000001","2017-12-13","3278.397"
"000001","2017-12-14","3302.932"
"000001","2017-12-15","3287.529"
"000001","2017-12-18","3268.034"
"000001","2017-12-19","3266.019"
"000001","2017-12-20","3296.740"
"000001","2017-12-21","3281.118"
"000001","2017-12-22","3297.685"
"000001","2017-12-25","3296.211"
"000001","2017-12-26","3277.837"
"000001","2017-12-27","3302.461"
"000001","2017-12-28","3272.291"
"000001","2017-12-29","3295.246"
"000001","2018-01-02","3314.031"
"000001","2018-01-03","3347.743"
"000001","2018-01-04","3371.000"
"000001","2018-01-05","3386.464"
"000001","2018-01-08","3391.553"
"000001","2018-01-09","3406.112"
"000001","2018-01-10","3414.113"
"000001","2018-01-11","3415.585"
"000001","2018-01-12","3423.879"
"000001","2018-01-15","3428.951"
"000001","2018-01-16","3403.469"
"000001","2018-01-17","3438.576"
"000001","2018-01-18","3449.881"
"000001","2018-01-19","3481.620"
"000001","2018-01-22","3476.994"
"000001","2018-01-23","3504.344"
"000001","2018-01-24","3553.479"
"000001","2018-01-25","3555.168"
"000001","2018-01-26","3535.493"
"000001","2018-01-29","3563.640"
"000001","2018-01-30","3511.501"
"000001","2018-01-31","3470.509"
"000001","2018-02-01","3478.670"
"000001","2018-02-02","3419.225"
"000001","2018-02-05","3411.670"
"000001","2018-02-06","3418.010"
"000001","2018-02-07","3412.744"
"000001","2018-02-08","3281.046"
"000001","2018-02-09","3172.851"
"000001","2018-02-12","3128.371"
"000001","2018-02-13","3176.107"
"000001","2018-02-14","3188.248"
"000001","2018-02-22","3237.569"
"000001","2018-02-23","3275.429"
"000001","2018-02-26","3307.295"
"000001","2018-02-27","3328.672"
"000001","2018-02-28","3264.059"
"000001","2018-03-01","3235.089"
"000001","2018-03-02","3248.446"
"000001","2018-03-05","3255.871"
"000001","2018-03-06","3266.487"
"000001","2018-03-07","3288.865"
"000001","2018-03-08","3268.347"
"000001","2018-03-09","3291.426"
"000001","2018-03-12","3319.209"
"000001","2018-03-13","3324.122"
"000001","2018-03-14","3298.666"
"000001","2018-03-15","3277.514"
"000001","2018-03-16","3290.209"
"000001","2018-03-19","3264.928"
"000001","2018-03-20","3257.219"
"000001","2018-03-21","3299.731"
"000001","2018-03-22","3281.265"
"000001","2018-03-23","3172.772"
"000001","2018-03-26","3117.319"
"000001","2018-03-27","3164.798"
"000001","2018-03-28","3130.571"
"000001","2018-03-29","3127.263"
"000001","2018-03-30","3161.786"
"000001","2018-04-02","3169.779"
"000001","2018-04-03","3130.013"
"000001","2018-04-04","3147.049"
"000001","2018-04-09","3125.442"
"000001","2018-04-10","3144.257"
"000001","2018-04-11","3197.372"
"000001","2018-04-12","3203.278"
"000001","2018-04-13","3192.042"
"000001","2018-04-16","3152.888"
"000001","2018-04-17","3112.975"
"000001","2018-04-18","3091.910"
"000001","2018-04-19","3094.274"
"000001","2018-04-20","3105.462"
"000001","2018-04-23","3063.443"
"000001","2018-04-24","3069.746"
"000001","2018-04-25","3112.398"
"000001","2018-04-26","3119.496"
"000001","2018-04-27","3082.415"
"000001","2018-05-02","3087.409"
"000001","2018-05-03","3074.517"
"000001","2018-05-04","3093.117"
"000001","2018-05-07","3094.899"
"000001","2018-05-08","3135.296"
"000001","2018-05-09","3160.138"
"000001","2018-05-10","3169.050"
"000001","2018-05-11","3179.797"
"000001","2018-05-14","3167.042"
"000001","2018-05-15","3180.425"
"000001","2018-05-16","3180.226"
"000001","2018-05-17","3170.006"
"000001","2018-05-18","3151.082"
"000001","2018-05-21","3206.176"
"000001","2018-05-22","3211.247"
"000001","2018-05-23","3205.437"
"000001","2018-05-24","3167.939"
"000001","2018-05-25","3148.410"
"000001","2018-05-28","3136.809"
"000001","2018-05-29","3129.621"
"000001","2018-05-30","3081.142"
"000001","2018-05-31","3061.829"
"000001","2018-06-01","3084.754"
"000001","2018-06-04","3083.427"
"000001","2018-06-05","3088.008"
"000001","2018-06-06","3109.175"
"000001","2018-06-07","3121.184"
"000001","2018-06-08","3100.604"
"000001","2018-06-11","3057.339"
"000001","2018-06-12","3053.028"
"000001","2018-06-13","3071.464"
"000001","2018-06-14","3038.070"
"000001","2018-06-15","3037.452"
"000001","2018-06-19","2982.650"
"000001","2018-06-20","2889.984"
"000001","2018-06-21","2912.003"
"000001","2018-06-22","2855.585"
"000001","2018-06-25","2903.450"
"000001","2018-06-26","2829.995"
"000001","2018-06-27","2842.396"
"000001","2018-06-28","2799.904"
"000001","2018-06-29","2789.811"
"000001","2018-07-02","2841.580"
"000001","2018-07-03","2774.570"
"000001","2018-07-04","2776.632"
"000001","2018-07-05","2755.339"
"000001","2018-07-06","2731.353"
"000001","2018-07-09","2752.447"
"000001","2018-07-10","2819.712"
"000001","2018-07-11","2780.704"
"000001","2018-07-12","2771.041"
"000001","2018-07-13","2831.428"
"000001","2018-07-16","2827.082"
"000001","2018-07-17","2806.885"
"000001","2018-07-18","2801.777"
"000001","2018-07-19","2791.016"
"000001","2018-07-20","2769.754"
"000001","2018-07-23","2815.201"
"000001","2018-07-24","2862.267"
"000001","2018-07-25","2911.453"
"000001","2018-07-26","2905.794"
"000001","2018-07-27","2879.690"
"000001","2018-07-30","2871.940"
"000001","2018-07-31","2866.899"
"000001","2018-08-01","2882.506"
"000001","2018-08-02","2815.344"
"000001","2018-08-03","2763.396"
"000001","2018-08-06","2736.526"
"000001","2018-08-07","2711.736"
"000001","2018-08-08","2771.129"
"000001","2018-08-09","2729.579"
"000001","2018-08-10","2791.402"
"000001","2018-08-13","2769.017"
"000001","2018-08-14","2780.736"
"000001","2018-08-15","2777.249"
"000001","2018-08-16","2691.426"
"000001","2018-08-17","2723.887"
"000001","2018-08-20","2673.066"
"000001","2018-08-21","2700.342"
"000001","2018-08-22","2731.958"
"000001","2018-08-23","2714.867"
"000001","2018-08-24","2717.081"
"000001","2018-08-27","2736.319"
"000001","2018-08-28","2782.293"
"000001","2018-08-29","2774.865"
"000001","2018-08-30","2769.332"
"000001","2018-08-31","2730.113"
"000001","2018-09-03","2716.404"
"000001","2018-09-04","2720.648"
"000001","2018-09-05","2741.380"
"000001","2018-09-06","2697.578"
"000001","2018-09-07","2696.678"
"000001","2018-09-10","2698.011"
"000001","2018-09-11","2668.487"
"000001","2018-09-12","2659.744"
"000001","2018-09-13","2679.208"
"000001","2018-09-14","2688.779"
"000001","2018-09-17","2671.291"
"000001","2018-09-18","2644.296"
"000001","2018-09-19","2694.799"
"000001","2018-09-20","2732.170"
"000001","2018-09-21","2733.874"
"000001","2018-09-25","2775.066"
"000001","2018-09-26","2785.317"
"000001","2018-09-27","2805.793"
"000001","2018-09-28","2794.264"
"000001","2018-10-08","2768.208"
"000001","2018-10-09","2713.732"
"000001","2018-10-10","2723.724"
"000001","2018-10-11","2643.074"
"000001","2018-10-12","2574.042"
"000001","2018-10-15","2605.912"
"000001","2018-10-16","2567.764"
"000001","2018-10-17","2574.313"
"000001","2018-10-18","2544.911"
"000001","2018-10-19","2460.081"
"000001","2018-10-22","2565.644"
"000001","2018-10-23","2652.648"
"000001","2018-10-24","2579.972"
"000001","2018-10-25","2540.935"
"000001","2018-10-26","2610.898"
"000001","2018-10-29","2593.591"
"000001","2018-10-30","2538.574"
"000001","2018-10-31","2573.015"
"000001","2018-11-01","2617.033"
"000001","2018-11-02","2649.251"
"000001","2018-11-05","2665.427"
"000001","2018-11-06","2660.719"
"000001","2018-11-07","2659.845"
"000001","2018-11-08","2660.087"
"000001","2018-11-09","2621.238"
"000001","2018-11-12","2593.200"
"000001","2018-11-13","2600.500"
"000001","2018-11-14","2648.309"
"000001","2018-11-15","2632.138"
"000001","2018-11-16","2669.780"
"000001","2018-11-19","2681.899"
"000001","2018-11-20","2684.287"
"000001","2018-11-21","2619.821"
"000001","2018-11-22","2655.896"
"000001","2018-11-23","2640.667"
"000001","2018-11-26","2580.842"
"000001","2018-11-27","2585.826"
"000001","2018-11-28","2575.454"
"000001","2018-11-29","2613.781"
"000001","2018-11-30","2564.564"
"000001","2018-12-03","2647.132"
"000001","2018-12-04","2651.561"
"000001","2018-12-05","2629.833"
"000001","2018-12-06","2629.820"
"000001","2018-12-07","2609.341"
"000001","2018-12-10","2589.194"
"000001","2018-12-11","2587.015"
"000001","2018-12-12","2608.114"
"000001","2018-12-13","2607.144"
"000001","2018-12-14","2627.283"
"000001","2018-12-17","2587.263"
"000001","2018-12-18","2583.634"
"000001","2018-12-19","2578.675"
"000001","2018-12-20","2544.505"
"000001","2018-12-21","2526.554"
"000001","2018-12-24","2506.737"
"000001","2018-12-25","2503.950"
"000001","2018-12-26","2501.120"
"000001","2018-12-27","2527.717"
"000001","2018-12-28","2483.617"
"000001","2019-01-02","2497.881"
"000001","2019-01-03","2461.783"
"000001","2019-01-04","2446.019"
"000001","2019-01-07","2528.699"
"000001","2019-01-08","2530.300"
"000001","2019-01-09","2536.417"
"000001","2019-01-10","2543.853"
"000001","2019-01-11","2539.549"
"000001","2019-01-14","2553.328"
"000001","2019-01-15","2537.370"
"000001","2019-01-16","2569.070"
"000001","2019-01-17","2573.576"
"000001","2019-01-18","2567.739"
"000001","2019-01-21","2599.058"
"000001","2019-01-22","2609.642"
"000001","2019-01-23","2575.258"
"000001","2019-01-24","2584.648"
"000001","2019-01-25","2596.262"
"000001","2019-01-28","2615.712"
"000001","2019-01-29","2592.355"
"000001","2019-01-30","2584.746"
"000001","2019-01-31","2581.332"
"000001","2019-02-01","2597.778"
"000001","2019-02-11","2613.174"
"000001","2019-02-12","2654.035"
"000001","2019-02-13","2674.520"
"000001","2019-02-14","2715.536"
"000001","2019-02-15","2712.786"
"000001","2019-02-18","2699.817"
"000001","2019-02-19","2759.496"
"000001","2019-02-20","2761.059"
"000001","2019-02-21","2759.938"
"000001","2019-02-22","2749.462"
"000001","2019-02-25","2838.390"
"000001","2019-02-26","2969.098"
"000001","2019-02-27","2939.929"
"000001","2019-02-28","2950.055"
"000001","2019-03-01","2954.402"
"000001","2019-03-04","3015.943"
"000001","2019-03-05","3019.880"
"000001","2019-03-06","3060.433"
"000001","2019-03-07","3103.668"
"000001","2019-03-08","3038.336"
"000001","2019-03-11","2969.080"
"000001","2019-03-12","3049.084"
"000001","2019-03-13","3062.327"
"000001","2019-03-14","3013.597"
"000001","2019-03-15","3000.879"
"000001","2019-03-18","3027.801"
"000001","2019-03-19","3099.897"
"000001","2019-03-20","3084.170"
"000001","2019-03-21","3094.125"
"000001","2019-03-22","3100.726"
"000001","2019-03-25","3058.802"
"000001","2019-03-26","3057.559"
"000001","2019-03-27","3012.257"
"000001","2019-03-28","3009.799"
"000001","2019-03-29","3000.678"
"000001","2019-04-01","3111.662"
"000001","2019-04-02","3183.274"
"000001","2019-04-03","3159.147"
"000001","2019-04-04","3233.689"
"000001","2019-04-08","3271.272"
"000001","2019-04-09","3240.394"
"000001","2019-04-10","3224.645"
"000001","2019-04-11","3241.547"
"000001","2019-04-12","3184.860"
"000001","2019-04-15","3233.458"
"000001","2019-04-16","3164.397"
"000001","2019-04-17","3250.152"
"000001","2019-04-18","3261.074"
"000001","2019-04-19","3250.145"
"000001","2019-04-22","3278.491"
"000001","2019-04-23","3211.872"
"000001","2019-04-24","3203.559"
"000001","2019-04-25","3190.585"
"000001","2019-04-26","3108.164"
"000001","2019-04-29","3090.633"
"000001","2019-04-30","3052.622"
"000001","2019-05-06","2984.727"
"000001","2019-05-07","2914.291"
"000001","2019-05-08","2873.143"
"000001","2019-05-09","2871.197"
"000001","2019-05-10","2878.234"
"000001","2019-05-13","2905.067"
"000001","2019-05-14","2872.834"
"000001","2019-05-15","2902.642"
"000001","2019-05-16","2933.495"
"000001","2019-05-17","2955.767"
"000001","2019-05-20","2874.801"
"000001","2019-05-21","2867.707"
"000001","2019-05-22","2905.524"
"000001","2019-05-23","2880.843"
"000001","2019-05-24","2847.836"
"000001","2019-05-27","2851.281"
"000001","2019-05-28","2890.266"
"000001","2019-05-29","2894.830"
"000001","2019-05-30","2903.425"
"000001","2019-05-31","2904.498"
"000001","2019-06-03","2901.742"
"000001","2019-06-04","2887.641"
"000001","2019-06-05","2882.937"
"000001","2019-06-06","2862.333"
"000001","2019-06-10","2833.015"
"000001","2019-06-11","2854.070"
"000001","2019-06-12","2917.224"
"000001","2019-06-13","2905.288"
"000001","2019-06-14","2912.999"
"000001","2019-06-17","2880.423"
"000001","2019-06-18","2891.092"
"000001","2019-06-19","2944.115"
"000001","2019-06-20","2917.331"
"000001","2019-06-21","2990.369"
"000001","2019-06-24","3004.289"
"000001","2019-06-25","3004.910"
"000001","2019-06-26","2964.615"
"000001","2019-06-27","2982.613"
"000001","2019-06-28","2992.243"
"000001","2019-07-01","3024.624"
"000001","2019-07-02","3042.580"
"000001","2019-07-03","3031.832"
"000001","2019-07-04","3015.679"
"000001","2019-07-05","3004.738"
"000001","2019-07-08","2997.807"
"000001","2019-07-09","2928.819"
"000001","2019-07-10","2935.186"
"000001","2019-07-11","2928.055"
"000001","2019-07-12","2915.340"
"000001","2019-07-15","2921.546"
"000001","2019-07-16","2938.641"
"000001","2019-07-17","2933.023"
"000001","2019-07-18","2921.739"
"000001","2019-07-19","2909.679"
"000001","2019-07-22","2925.788"
"000001","2019-07-23","2886.904"
"000001","2019-07-24","2907.928"
"000001","2019-07-25","2923.189"
"000001","2019-07-26","2928.061"
"000001","2019-07-29","2943.918"
"000001","2019-07-30","2946.257"
"000001","2019-07-31","2944.398"
"000001","2019-08-01","2920.851"
"000001","2019-08-02","2861.332"
"000001","2019-08-05","2854.578"
"000001","2019-08-06","2776.989"
"000001","2019-08-07","2789.019"
"000001","2019-08-08","2784.184"
"000001","2019-08-09","2805.586"
"000001","2019-08-12","2781.982"
"000001","2019-08-13","2798.051"
"000001","2019-08-14","2824.486"
"000001","2019-08-15","2762.339"
"000001","2019-08-16","2817.571"
"000001","2019-08-19","2835.518"
"000001","2019-08-20","2879.082"
"000001","2019-08-21","2875.471"
"000001","2019-08-22","2887.665"
"000001","2019-08-23","2885.151"
"000001","2019-08-26","2851.016"
"000001","2019-08-27","2879.515"
"000001","2019-08-28","2901.627"
"000001","2019-08-29","2895.999"
"000001","2019-08-30","2907.383"
"000001","2019-09-02","2886.942"
"000001","2019-09-03","2925.942"
"000001","2019-09-04","2927.747"
"000001","2019-09-05","2972.662"
"000001","2019-09-06","2996.622"
"000001","2019-09-09","3023.778"
"000001","2019-09-10","3027.410"
"000001","2019-09-11","3029.933"
"000001","2019-09-12","3016.627"
"000001","2019-09-16","3041.922"
"000001","2019-09-17","3023.711"
"000001","2019-09-18","2984.084"
"000001","2019-09-19","2992.922"
"000001","2019-09-20","3004.814"
"000001","2019-09-23","2998.400"
"000001","2019-09-24","2979.475"
"000001","2019-09-25","2977.668"
"000001","2019-09-26","2964.478"
"000001","2019-09-27","2929.486"
"000001","2019-09-30","2927.917"
"000001","2019-10-08","2905.756"
"000001","2019-10-09","2902.075"
"000001","2019-10-10","2923.707"
"000001","2019-10-11","2954.819"
"000001","2019-10-14","2993.962"
"000001","2019-10-15","3005.665"
"000001","2019-10-16","2992.610"
"000001","2019-10-17","2979.993"
"000001","2019-10-18","2982.342"
"000001","2019-10-21","2933.897"
"000001","2019-10-22","2945.600"
"000001","2019-10-23","2952.969"
"000001","2019-10-24","2944.007"
"000001","2019-10-25","2940.474"
"000001","2019-10-28","2958.686"
"000001","2019-10-29","2979.037"
"000001","2019-10-30","2949.463"
"000001","2019-10-31","2944.843"
"000001","2019-11-01","2924.340"
"000001","2019-11-04","2964.576"
"000001","2019-11-05","2977.705"
"000001","2019-11-06","2992.040"
"000001","2019-11-07","2978.153"
"000001","2019-11-08","2993.977"
"000001","2019-11-11","2949.962"
"000001","2019-11-12","2912.996"
"000001","2019-11-13","2913.020"
"000001","2019-11-14","2907.736"
"000001","2019-11-15","2911.350"
"000001","2019-11-18","2889.550"
"000001","2019-11-19","2904.278"
"000001","2019-11-20","2928.107"
"000001","2019-11-21","2902.553"
"000001","2019-11-22","2906.243"
"000001","2019-11-25","2885.613"
"000001","2019-11-26","2912.521"
"000001","2019-11-27","2905.396"
"000001","2019-11-28","2902.364"
"000001","2019-11-29","2885.974"
"000001","2019-12-02","2874.448"
"000001","2019-12-03","2869.882"
"000001","2019-12-04","2876.908"
"000001","2019-12-05","2886.516"
"000001","2019-12-06","2902.278"
"000001","2019-12-09","2914.458"
"000001","2019-12-10","2908.944"
"000001","2019-12-11","2922.602"
"000001","2019-12-12","2926.342"
"000001","2019-12-13","2937.776"
"000001","2019-12-16","2970.969"
"000001","2019-12-17","2985.262"
"000001","2019-12-18","3021.466"
"000001","2019-12-19","3017.153"
"000001","2019-12-20","3019.640"
"000001","2019-12-23","2999.036"
"000001","2019-12-24","2965.826"
"000001","2019-12-25","2980.428"
"000001","2019-12-26","2981.249"
"000001","2019-12-27","3006.852"
"000001","2019-12-30","2998.169"
"000001","2019-12-31","3036.386"
